priority	id	source_status	navigation_role	position	sources
0	CURRENT-RESUME	OPEN	CURRENT-NEXT	V26:57-58でV26:51-56の戦果固定を撤回。現行combat frontierはV26:49-50 valid-release closure。multi-stage attack state-transition model構築から再開。	V26:49-50;V26:57-58
1	MI-STRIKE-PACKAGES	WORKING-CLOSE	ROLLED-FORWARD	US carrier strike169、JP anti-carrier counterstrike132、Midway first wave108。	V26:47-48
2	MI-CAP-AA-VALID	PROVISIONAL	BASELINE	US SBD70/TBD17、JP D3A34/Type9116/FT22はpre-multistage baseline。JP後段値は再監査で変動しうる。	V26:49-50;V26:57-58
3	MI-MULTISTAGE-MODEL	OPEN	CURRENT-NEXT	Phase ordering、carrier/screen target choice、AA/CAP/maneuver state更新、later-stage exposureをモデル化。	V26:29;V26:57-58
4	MI-TARGET-ALLOCATION	OPEN	AFTER-MODEL	FTをcarrier/director/cruiser/screenへ何発配るかを状況依存で決定。固定8/14は採用しない。	V26:57
5	MI-REVISED-VALID	OPEN	AFTER-TARGET-ALLOCATION	多段状態更新後にD3A/Type91/FTのvalid releaseを再導出。	V26:57
6	MI-DIRECT-HITS	OPEN	AFTER-REVISED-VALID	Direct hit packetはrevised valid release後のみ。	V26:57
7	MI-DAMAGE-STATE	OPEN	AFTER-HITS	Hit location/fire/flooding/deck/propulsion/aviation stateはhit packet後のみ。	V26:57
8	V26-51-56	DISCUSSION-SAMPLE	DO-NOT-ROLL-FORWARD	旧multi-stage allocation/hit/damage数値は探索例。現行結果として使用禁止。	V26:51-58
9	FT-NUMERIC-SPEED	OPEN	PARALLEL-TECH	標準FT acceleration/ramjet capture/cruise-terminal speed厳密CLOSE。	V26:21#1
10	FT-RELEASE-RANGE-TOF	OPEN	PARALLEL-TECH	母機別practical release range/TOF厳密CLOSE。	V26:21#1
11	FT-FUEL-THERMAL	OPEN	PARALLEL-TECH	FT fuel type/load/flow/residual fuel/thermal stateを閉じる。	V26:21#1-2
12	FT-FUSE-PENETRATION	OPEN	PARALLEL-TECH	SAP fuse delay/penetration/structural energy-loss tableを閉じる。	V26:21#2
13	PM-BASE-GROWTH	WORKING	DEFERRED	Apr18 capture後のairfield/harbor/fuel/service-release growth。	V26:21#8
