year_or_date	kind	contract_batch	serial_or_airframes	quantity	delivery_or_status	allocation	authority	notes
1937H2	airframe_order	H7Y_INITIAL	D01	1	experimental_first_flight_1939	naval_arsenal_prototype	DECISION_CLOSE	historic_req_anchor_alternate_redesign
1938H1	engine_order	JUMO_IMPORT	I01-I06	6	import_arrivals_1938H2_to_1939Q1	D01_four_two_reference_spares	DECISION_CLOSE	new_worldline_German_purchase_not_historical_claim
1939H2	airframe_order	H7Y_CORRECTED	D02-D03	2	accepted_by_1941	arsenal_development	DECISION_CLOSE	two_additional_development_hulls
1939	engine_build	KAWASAKI_KOBE_P	P01-P04	4	development_consumed	bench_endurance_only	DECISION_CLOSE	not_mission_spares
1940H1	engine_prime_contract	H7Y_D_PRODUCTION	Kawasaki_Kobe_to_Akashi	1	effective	12_units_1940_24_units_1941	DECISION_CLOSE	Kobe_pilot_early1940_Akashi_after_autumn1940_start
1940H1-H2	airframe_order	H7Y_PRE_SERIES	D04-D05	2	accepted_1941	Kawanishi_special_cell	DECISION_CLOSE	funded_separate_H8K_capacity
1940	engine_build	KAWASAKI_D_S	S01-S12	12	physical_constructed	8_D02D03_2_spare_2_bench	DECISION_CLOSE	pilot_lot
1941H1	airframe_order	H7Y_CONTINUATION_FIRM	D06-D11	6	1942_delivery	Kawanishi_special_cell	DECISION_CLOSE	funded_long_lead_before_Pearl
1941	engine_build	KAWASAKI_D_M	M01-M24	24	physical_constructed	8_D04D05_8_D06D07_4_spare_4_rework	DECISION_CLOSE	gross_not_all_accepted
1941-12	airframe_physical	H7Y_PREWAR_PHYSICAL	D01-D05	5	physical_inventory	3_mission_capable_2_extreme_ready	V26_ANCHOR	D1_D2_are_callsigns_not_hull_IDs
1941-12	engine_balance	ENGINE_INSTALLED	I01-I04_S01-S08_M01-M08	20	installed	D01-D05_four_each	BALANCE	4+8+8
1941-12	engine_balance	NEXT_HULL_RESERVED	M09-M16	8	ready_assigned	D06_D07_four_each	BALANCE	not_spares
1941-12	engine_balance	READY_SPARE	I05-I06_S09-S10_M17-M20	8	spare_physical	2_import_6_domestic_D_compatible	BALANCE	no_free_cross_fit_of_import_engines
1941-12	engine_balance	TEST_SPENT	P01-P04_S11-S12	6	not_operational	ground_test_endurance	BALANCE	cannot_credit_as_spare
1941-12	engine_balance	REWORK_HOLD	M21-M24	4	not_accepted	parts_rework_inspection	BALANCE	not_finished_service_stock
1942-01	airframe_order	NEXT_LOT_FIRM	D12-D17	6	to_be_delivered_late_1942_onward	follow_on	DECISION_CLOSE	success_motivated_not_backdated_spring_output
1942-01	airframe_option	NEXT_LOT_OPTION	D18-D19	2	option_not_firm	potential_surge	OPTION	do_not_auto_build
1942-01	engine_acceptance_plan	KAWASAKI_JAN42	1942JAN	4	planned_gross_complete	stock_replacement_build	PLAN	qualified_reliability_required
1942-02	engine_acceptance_plan	KAWASAKI_FEB42	1942FEB	4	planned_gross_complete	stock_replacement_build	PLAN	
1942-03	engine_acceptance_plan	KAWASAKI_MAR42	1942MAR	5	planned_gross_complete	stock_replacement_build	PLAN	
1942-04	engine_acceptance_plan	KAWASAKI_APR42	1942APR	6	planned_gross_complete	stock_replacement_build	PLAN	
1942-02	airframe_acceptance_plan	H7Y_CONTINUATION	D06	1	working_central	first_1942_delivery	PLAN	requires_water_test
1942-03	airframe_acceptance_plan	H7Y_CONTINUATION	D07	1	working_central	second_1942_delivery	PLAN	requires_water_test
1942-04	airframe_acceptance_plan	H7Y_CONTINUATION	D08	1	working_central	third_1942_delivery	PLAN	requires_water_test
1942-04	airframe_acceptance_plan	H7Y_CONTINUATION	D09	1	favorable_only	fourth_1942_delivery	OPTION	not_central_acceptance
1942H2	engine_production_goal	KAWASAKI_SCALE	monthly_6_to_8	0	conditional_target	D12-D17_if_qualified	PLAN	not_pre_completed
1942H2	research_gate	DIESEL_TURBO_TRIAL	D03_possible_donor	0	engineering_only	requires_airframe_debit	OPEN	no_free_combat_airframe
1942H2	research_gate	TP_FLYING_BOAT_RIG	no_hull_allocated	0	ground_integration_only	requires_new_flight_release	OPEN	do_not_count_TP_as_service
