scope	item_id	event_or_gate	working_center	status	promote_guard	source_working
V26-ANCHOR	H7Y_1941	1941Dec_hulls_4-5_ready3_extreme2	preserved	CANON_PARENT	none	00-SESSION-HANDOFF-V26
ENTERPRISE	E_HITS	Dec7_1torp_2bomb_2FT	working_five_hit_packet	WORKING_CANON_PLANNED	damage_locations_and_impact_chain	97
ENTERPRISE	E_RETURN	Dec8_Pearl_1030_HST_no_additional_sub_torpedo	central	WORKING_CANON_PLANNED	US_movement_and_I69_contact	97
ENTERPRISE	E_REPAIR	Apr15_frontline_band_Apr10-25	planning_estimate	WORKING_CANON_PLANNED	yard_capacity_and_airgroup_workup	97
FORCE_Z	FZ_INTEL	I58_0255_msg_relay_restored_search_reacq_0920	central	WORKING_CANON_PLANNED	sub_shore_air_communications_chain	97
FORCE_Z	FZ_STRIKE	85_34bomb_33Type91_18FT	four_echelons	WORKING_CANON_PLANNED	attack_loading_and_timing	97
FORCE_Z	FZ_RELEASE	77effective_1bomb_7Type91_6FT	favorable_center	WORKING_CANON_PLANNED	FT_release_geometry_and_statistical_sensitivity	97
FORCE_Z	FZ_POW	4Type91_4FT_sinks_1215	working_center	WORKING_CANON_PLANNED	damage_systems_and_sinking_clock	97
FORCE_Z	FZ_REPULSE	3Type91_2FT_1bomb_sinks_1145	working_center	WORKING_CANON_PLANNED	damage_systems_and_sinking_clock	97
FORCE_Z	FZ_LEARNING	prewar_comms_vs_new_combat_learning_separated	method	WORKING_CANON_PLANNED	doctrine_transmission_clock	97
WAKE	W11	Dec11_landing_fails_destroyers_survive_alternate	working	WORKING_CANON_PLANNED	shore_gun_damage	97
WAKE	W21	Dec21_H7Y_outer_contact_saratoga_relief	working	WORKING_CANON_PLANNED	search_route_and_communication	97
WAKE	W22_STRIKE	48_A6M12_D3A18_B5N18_torp9_FT9	central	WORKING_CANON_PLANNED	air_group_ready_and_CarDiv2_support	97
WAKE	W22_FIGHTER	~8_13_F4F_intercept_vs_12_A6M_escort	central	WORKING_CANON_PLANNED	radar_CAP_readiness	97
WAKE	W22_RELEASE	27valid_13D3A_7torp_7FT	central	WORKING_CANON_PLANNED	escort_interception_geometry	97
WAKE	W22_SARA	2bomb_1torp_2FT_afloat_mission_kill	working_center	WORKING_CANON_PLANNED	damage_and_aviation_facilities	97
WAKE	W22_US_COUNTER	18SBD_8TBD_Soryu1x500lb_Hiryu0	working_center	WORKING_CANON_PLANNED	CAP_and_recovery	97
WAKE	W22_AIRLOSS	JPN8-9_US18_irrecoverable	working_center	WORKING_CANON_PLANNED	aircraft_recovery_and_damage_writeoff	97
WAKE	W23	Dec23_1400-1600_fall	not_replayed_in_fresh_pass	OPEN_WORKING	replay_landing_battle	97
WAKE	SARA_REPAIR	Mar27_frontline_center_Mar20-Apr5	planning_estimate	WORKING_CANON_PLANNED	repair_and_crew_workup	97
H7Y	H7Y_IMPORT	1938_import_six_Jumo	retrospective_purchase_proposal	WORKING_CANON_PLANNED	Germany_delivery_contract	95/96
H7Y	H7Y_PRIME	Kawasaki_Kobe_then_Akashi_1940autumn	engine_production_prime_proposal	WORKING_CANON_PLANNED	factory_capacity_and_testbench	95/96
H7Y	H7Y_AIRFRAME	Kawanishi_special_cell_from_D04	airframe_production_prime_proposal	WORKING_CANON_PLANNED	H8K_shared_capacity	95/96
H7Y	H7Y_DOMESTIC_ENG	1939_4_1940_12_1941_24	gross_built_not_all_accepted	WORKING_CANON_PLANNED	serial_reliability_QC	95/96
H7Y	H7Y_ENGINE_BALANCE	46gross_20installed_8reserved_8spares_6test_4rework	arithmetic_reconciled	WORKING_CANON_PLANNED	quality_and_family_compatibility	95/96
H7Y	H7Y_1941_ORDER	D06-D11_six_firm_1941H1	retrospective	WORKING_CANON_PLANNED	contract_long_leads	95/96
H7Y	H7Y_1942_ORDER	D12-D17_six_firm_D18D19_two_option	Jan42_working_decision	WORKING_CANON_PLANNED	industrial_allocation	95/96
H7Y	H7Y_1942_APR	8completed_center_9favorable_5-7missionready	production_plan	OPEN_WORKING	physical_acceptance_and_combat_losses	95/96
H7Y	H7Y_DIESEL	4x675-750hp_D_4x800-850hp_DT_trial	engineering_target	WORKING_CANON_PLANNED	qualified_service_engine_proof	95
H7Y	H7Y_TP	TP_ground_integration_test_no_1942_mass_combat	separate_research	OPEN_WORKING	prop_fuel_endurance_qualification	95
H7Y	H7Y_OPERATIONS	Wake_priority_south_Indian_detachment_conditional	future_operating_plan	OPEN_WORKING	dated_orders_serviceability_intel	97
INTEGRATION	NO_AUTO_MO	later_MO_and_Indian_outcomes_not_auto_revised	hard_guard	GUARD	replay_contacts_and_combat	17/97
SESSION	CANONIZATION	user_requests_GitHub_write_and_stop_canonization_planned	record_only	WORKING_CANON_PLANNED	formal_next_session_promotion	97/98
